,metrics,score
0,loss,0.6282748290087974
1,accuracy,0.651534914970398
