,metrics,score
0,loss,0.6048512133989441
1,accuracy,0.6709470152854919
