,metrics,score
0,loss,0.6440328977176887
1,accuracy,0.6432082653045654
