,metrics,score
0,loss,0.6113440860810287
1,accuracy,0.680377185344696
